"GEOID","CountyFIPS","StateAbbr","COUNTY","E_TOTPOP","M_TOTPOP","Tract_Generation","Tract_NAMEPCAP","Tract_PLNOXAN","Tract_PLSO2AN","Tract_PLCH4AN","Tract_UNNOX","Tract_UNSO2","Tract_UNCH4","RPL_EBM","RPL_HVM","RPL_SVM","E_PM","E_OZONE","E_DSLPM","E_COAL","EP_UNINSUR","EP_AGE65","EP_ASTHMA","EP_BPHIGH","EP_CANCER","EP_MHLTH","geometry"
"37001020601","37001","NC","Alamance",3113,164,2505,2,NA,NA,NA,NA,NA,NA,0.5874,0.4,0.0113,9.52,0.33,0.35,0,2.5,27.8,8,35.7,10.4,9.2,c(-79.493889, 36.098889)
"37001021201","37001","NC","Alamance",5565,449,17066,10,NA,NA,NA,NA,NA,NA,0.5017,0.8,0.8864,9.48,0,0.3,0,21.6,18.9,11,39.6,6.8,16.9,c(-79.347471, -79.3325, 36.072359, 36.131111)
"37001021300","37001","NC","Alamance",6018,261,5617,3,NA,NA,NA,NA,NA,NA,0.047,0.4,0.6104,9.32,0,0.19,0,8.9,18.6,10.1,39.6,7.2,13.9,c(-79.348889, 36.148889)
"37001021600","37001","NC","Alamance",7553,565,9597,5,NA,NA,NA,NA,NA,NA,0.2964,0.4,0.6393,9.45,0.33,0.25,0,8.3,13.8,10.4,24.6,5.1,16.6,c(-79.521389, 36.119167)
"37001021803","37001","NC","Alamance",3246,314,10465,5.2,NA,NA,NA,NA,NA,NA,0.1269,0.2,0.4304,9.47,0,0.18,0,15.2,15,9.9,35.4,7.3,15.3,c(-79.42346, 35.86267)
"37001021901","37001","NC","Alamance",4819,316,5455,3,NA,NA,NA,NA,NA,NA,0.2756,0,0.2931,9.51,0,0.23,0,9.5,17,9.4,32.7,7.4,13.6,c(-79.361944, 35.948056)
"37001022001","37001","NC","Alamance",4044,359,5380,1.5,NA,NA,NA,NA,NA,NA,0.3139,0,0.5034,9.51,0,0.24,0,7,15.8,9.7,33.4,7.1,14.1,c(-79.3244, 35.9483)
"37003040400","37003","NC","Alexander",6761,506,1538,1.2,NA,NA,NA,NA,NA,NA,0.3855,1,0.8915,9.17,0.33,0.19,0,7.9,21.3,10.4,40.2,8.1,16.1,c(-81.152498, 35.909074)
"37003040500","37003","NC","Alexander",7016,679,9602,5,NA,NA,NA,NA,NA,NA,0.3242,0.4,0.7359,9.39,0.33,0.17,0,10.8,18.9,10.2,36.4,6.9,16.4,c(-81.106111, 35.902222)
"37003040600","37003","NC","Alexander",6372,502,10873,5,NA,NA,NA,NA,NA,NA,0.1589,0,0.6122,9.39,0.33,0.19,0,5.4,15.6,9.3,33.8,6.4,14.6,c(-81.177116, 35.878809)
"37007920100","37007","NC","Anson",3031,354,229549.999,443.4,NA,NA,NA,NA,NA,NA,0.5001,0.6,0.756,8.91,0,0.17,0,7,17.1,10.9,44.2,7,15.2,c(-79.8775, -79.935844, -79.921738, 34.9833, 34.968056, 34.968651)
"37007920200","37007","NC","Anson",1881,291,3907,2.2,NA,NA,NA,NA,NA,NA,0.2314,0.8,0.7295,9.04,0,0.17,0,13.9,16.4,11.1,43.6,7.2,16.5,c(-80.122015, 35.102174)
"37007920400","37007","NC","Anson",3175,389,35796,20,NA,NA,NA,NA,NA,NA,0.5817,0.8,0.8633,9,0,0.19,0,13,11.1,12.4,47.9,6.7,18,c(-80.093192, -80.09732, -80.051028, -80.028987, 35.023406, 34.99115, 34.969356, 34.973863)
"37007920600","37007","NC","Anson",3753,462,144652,100,NA,NA,NA,NA,NA,NA,0.101,0.8,0.8974,8.94,0,0.15,0,11.2,22.1,11.6,46.9,6.5,16.5,c(-79.943889, 34.838297)
"37013930400","37013","NC","Beaufort",4724,440,9348,5,NA,NA,NA,NA,NA,NA,0.8304,0.8,0.9483,7.96,0,0.22,0,5.5,27.8,10.8,43.9,8.8,14.6,c(-77.053611, 35.565278)
"37013930600","37013","NC","Beaufort",3174,337,37341,22.4,NA,NA,NA,NA,NA,NA,0.1458,0.4,0.1517,7.75,0,0.13,0,8,24.6,9,35.7,8.5,12.4,c(-76.833611, -76.8484, -76.87, 35.499444, 35.5052, 35.501111)
"37013930800","37013","NC","Beaufort",2628,405,237100,54,NA,NA,NA,NA,NA,NA,0.1589,1,0.8495,7.51,0,0.12,0,12.7,28.9,11.1,44.8,8.1,15.7,c(-76.779864, 35.376266)
"37015960300","37015","NC","Bertie",3276,436,60796,30,NA,NA,NA,NA,NA,NA,0.0632,0.8,0.9011,8.09,0,0.14,0,11.9,18.4,12.1,49.6,6.9,16.1,c(-77.211944, -77.211111, -77.218502, 36.148056, 36.141111, 36.154227)
"37017950200","37017","NC","Bladen",3099,379,110909,55.2,NA,NA,NA,NA,NA,NA,0.3577,0.8,0.9188,8.79,0,0.14,0,21.7,21.7,11.1,39.8,6.7,16.6,c(-78.62345, -78.624278, 34.823522, 34.822869)
"37019020102","37019","NC","Brunswick",5186,387,12232,9.9,NA,NA,NA,NA,NA,NA,0.3682,0,0.5872,7.63,0,0.17,0,13.2,18.6,9.2,25.8,4.8,14.4,c(-78.06444, -78.061015, 34.27355, 34.27532)
"37019020306","37019","NC","Brunswick",2167,243,15527683,2190.7,NA,NA,NA,NA,NA,NA,0.3167,0.6,0.3474,7.14,0,0.22,0,7,35,9,40.5,10.6,11.5,c(-77.9905, -78.011824, -78.0114, 33.9397, 33.944384, 33.9597)
"37021002101","37021","NC","Buncombe",1462,122,1586,1.5,NA,NA,NA,NA,NA,NA,0.3242,0.4,0.0078,8.37,0.33,0.35,0,1.1,34.1,7.6,36.5,11,7.6,c(-82.58844, 35.561156)
"37021002102","37021","NC","Buncombe",5740,638,-205,8.8,NA,NA,NA,NA,NA,NA,0.3388,0,0.9171,8.38,0.33,0.31,0,11.3,11.8,10,34.1,6.6,15.4,c(-82.517383, 35.54012)
"37021002203","37021","NC","Buncombe",4429,647,3791743,1011.5,475.466,8.004,59499.198,475.466,8.004,59499.198,0.7717,0,0.8965,8.38,0.67,0.32,0,11.4,17.5,9.8,29.9,6.1,15.1,c(-82.5417, 35.4731)
"37021002604","37021","NC","Buncombe",5787,667,6589,8.6,NA,NA,NA,NA,NA,NA,0.1039,0,0.4275,8.19,0.67,0.16,0,13.9,20,9.6,33.1,7.3,14.2,c(-82.710278, -82.710571, 35.6575, 35.702527)
"37021002701","37021","NC","Buncombe",3861,359,8178,2.4,NA,NA,NA,NA,NA,NA,0.4041,0,0.3877,8.27,0.67,0.23,0,9.9,20,8.6,33.8,7.2,12.3,c(-82.5992, 35.6497)
"37023020801","37023","NC","Burke",5457,410,57,3.5,2.479,0.232,10.589,2.479,0.232,10.589,0.6851,0.4,0.5939,9.07,0.33,0.21,0,8.3,20.5,9.7,37.7,8,14.3,c(-81.6643, -81.6072, 35.7766, 35.7481)
"37023021100","37023","NC","Burke",6000,487,17442,10,NA,NA,NA,NA,NA,NA,0.8116,0.4,0.6315,9.56,0.33,0.27,0,8.5,19.9,10,36,7.4,15.8,c(-81.417, -81.416111, 35.72, 35.758056)
"37023021202","37023","NC","Burke",4928,540,3608,1.9,NA,NA,NA,NA,NA,NA,0.3338,0.4,0.7685,9.47,0.33,0.23,0,10.8,17.6,9.9,36,7.3,15.9,c(-81.413308, 35.70974)
"37023021400","37023","NC","Burke",4997,452,-74,5.4,NA,NA,NA,NA,NA,NA,0.7051,0.8,0.9905,8.91,0,0.33,0,16.8,18.3,10.4,38.6,7.3,16.6,c(-81.7278, -81.748075, -81.66243, 35.737748, 35.729, 35.7208)
"37025041701","37025","NC","Cabarrus",4025,454,7209,5,NA,NA,NA,NA,NA,NA,0.2888,0,0.3349,9.63,0.67,0.27,0,7.1,17.4,8.9,32.4,7.1,13.1,c(-80.4185, 35.401091)
"37025042603","37025","NC","Cabarrus",8096,627,70803,14.9,0,18.998,0,99.594,25.519,2638.109,0.8871,0,0.2152,10.04,1.67,0.43,0,6.1,12.4,8.7,28,5.9,12.3,c(-80.668024, -80.670385, 35.353269, 35.34598)
"37027030700","37027","NC","Caldwell",7027,636,1695,1.1,NA,NA,NA,NA,NA,NA,0.5162,0.2,0.6053,9.09,0.33,0.22,0,15.4,15,10.2,34.7,7.4,16,c(-81.540861, 35.84995)
"37027031402","37027","NC","Caldwell",3357,269,73919.001,25.5,NA,NA,NA,NA,NA,NA,0.7943,0,0.7229,9.41,0.33,0.23,0,11.8,20.5,9.5,34.1,7.3,14.4,c(-81.437773, 35.774234)
"37029950102","37029","NC","Camden",4827,299,35461,35,NA,NA,NA,NA,NA,NA,0.1585,0,0.6873,7.27,0.33,0.15,0,8.7,17.8,9.7,34.8,7.4,14.1,c(-76.058, -76.033, -76.144486, -76.125847, 36.33, 36.27, 36.30786, 36.311822)
"37033930200","37033","NC","Caswell",5376,381,26454,14.9,NA,NA,NA,NA,NA,NA,0.1079,0.8,0.9554,9.09,0,0.17,0,5,25,10.7,44,6.9,15.7,c(-79.316944, -79.348886, -79.278889, 36.413889, 36.428608, 36.439444)
"37033930300","37033","NC","Caswell",3922,311,6688,3,NA,NA,NA,NA,NA,NA,0.3257,1,0.8601,9.09,0,0.2,0,9.4,21.2,10.9,41.2,7.8,16.5,c(-79.437885, 36.510939)
"37033930400","37033","NC","Caswell",2229,270,8767,5,NA,NA,NA,NA,NA,NA,0.1067,0.6,0.6106,9.09,0,0.17,0,5.6,20.5,10.5,40.6,7.2,14.9,c(-79.48112, 36.38427)
"37035010102","37035","NC","Catawba",4113,389,35328,17.5,NA,NA,NA,NA,NA,NA,0.7658,0.4,0.4162,9.82,0.67,0.34,0,5.8,23.7,9.1,36.7,8.8,12.6,c(-81.15, 35.715)
"37035010201","37035","NC","Catawba",5000,397,121744,41,NA,NA,NA,NA,NA,NA,0.1094,0,0.5711,9.63,0.33,0.21,0,7.3,15.5,9.4,32.3,6.3,14.6,c(-81.175556, -81.1922, 35.779167, 35.8214)
"37035011300","37035","NC","Catawba",7036,581,17691,10,NA,NA,NA,NA,NA,NA,0.7338,0.8,0.9306,9.91,1,0.3,0,15,11.7,10.7,36.9,6.4,17.5,c(-81.208611, -81.183611, 35.651111, 35.656667)
"37035011401","37035","NC","Catawba",3544,384,5902,3.5,NA,NA,NA,NA,NA,NA,0.7745,0.4,0.482,9.85,1,0.3,0,13.1,15.3,10,35.3,6.6,15.9,c(-81.134167, 35.711667)
"37035011503","37035","NC","Catawba",3690,255,6897413,2119,7119.806,2812.138,1334082.462,7119.806,2812.138,1334082.462,0.4254,0.2,0.1768,9.91,1,0.23,0,5.2,20.8,9.2,33.5,7.5,12.9,c(-80.9658, 35.5975)
"37035011601","37035","NC","Catawba",4542,481,111211,74.3,NA,NA,NA,NA,NA,NA,0.3538,0.2,0.8024,9.93,1,0.22,0,15.2,14.7,10,33.3,6.4,16.5,c(-81.167, -81.156944, 35.593, 35.629444)
"37035011602","37035","NC","Catawba",5162,489,68,1.8,1.575,0.152,6.931,1.575,0.152,6.931,0.297,0.4,0.5707,9.93,1,0.22,0,7.6,17.1,10,35.3,7.1,15.9,c(-81.2081, 35.5772)
"37035011702","37035","NC","Catawba",7067,569,124555,44.4,NA,NA,NA,NA,NA,NA,0.5511,0,0.5328,9.9,0.33,0.24,0,10.2,16,9.4,33.9,7.2,13.8,c(-81.3006, -81.243333, -81.25198, -81.266667, -81.315278, 35.6067, 35.612222, 35.588135, 35.588333, 35.586111)
"37035011802","37035","NC","Catawba",6331,669,8483,5,NA,NA,NA,NA,NA,NA,0.3377,0.4,0.6631,9.65,0.33,0.18,0,13.6,18.9,10.2,36,7.2,16.2,c(-81.326667, 35.629167)
"37037020103","37037","NC","Chatham",4616,436,5180,3,NA,NA,NA,NA,NA,NA,0.1393,0.2,0.3304,9.82,0,0.28,0,7.6,31.3,8.5,34.1,8.2,10.6,c(-79.080278, -79.025, 35.823333, 35.832778)
"37037020300","37037","NC","Chatham",2790,383,19241,9.9,NA,NA,NA,NA,NA,NA,0.4485,0.6,0.9313,9.42,0,0.19,0,23,23.5,9.9,39,7.5,14.2,c(-79.503747, -79.465408, 35.720841, 35.688107)
"37037020402","37037","NC","Chatham",4499,416,9954,5,NA,NA,NA,NA,NA,NA,0.5586,0.8,0.9976,9.45,0,0.23,0,22.5,14.2,10.6,36.3,5.5,17.4,c(-79.449675, 35.747372)
"37037020500","37037","NC","Chatham",3626,344,4076,2,NA,NA,NA,NA,NA,NA,0.2357,1,0.6002,9.34,0,0.16,0,11.1,18.8,10.4,38.4,7.9,16.1,c(-79.449053, 35.540344)
"37037020702","37037","NC","Chatham",3996,375,33287,18.5,NA,NA,NA,NA,NA,NA,0.5213,0,0.5167,9.81,0.33,0.24,0,13.5,18.7,9,33.5,7.4,12,c(-79.023055, -79.0323, -79.0325, -79.068333, -79.0912, 35.551944, 35.588, 35.568333, 35.654722, 35.6184)
"37041930102","37041","NC","Chowan",2352,283,9623,7.4,NA,NA,NA,NA,NA,NA,0.263,0.6,0.6958,7.51,0,0.13,0,12.4,25.3,10,41.7,8.6,13.8,c(-76.544, -76.571944, 36.054, 36.028611)
"37045950101","37045","NC","Cleveland",4997,647,6739,4,NA,NA,NA,NA,NA,NA,0.0754,1,0.6532,9.34,0.33,0.15,0,14.7,16.8,11,37.4,7.7,18,c(-81.508333, 35.47)
"37045950301","37045","NC","Cleveland",4522,404,8673,5,NA,NA,NA,NA,NA,NA,0.3667,0.8,0.7056,9.78,0.67,0.21,0,13.9,17.3,10.6,36.5,6.9,16.1,c(-81.426111, 35.352222)
"37045950601","37045","NC","Cleveland",3820,496,11544,5.9,NA,NA,NA,NA,NA,NA,0.6622,0.2,0.5668,9.86,0.67,0.28,0,17.8,16.8,10.3,33.4,6.7,16.1,c(-81.430385, -81.429433, -81.419019, 35.244125, 35.241145, 35.259825)
"37045950900","37045","NC","Cleveland",2649,322,-30,1.8,0.037,0.004,0.165,0.037,0.004,0.165,0.7161,0.8,0.832,9.76,0.67,0.34,0,10,18.4,13.2,50.2,7.2,17.8,c(-81.5225, 35.3036)
"37045951200","37045","NC","Cleveland",5651,628,3404,2,NA,NA,NA,NA,NA,NA,0.8714,0.8,0.9498,9.78,0.33,0.32,0,15.1,18.9,10.7,40,7.9,15.2,c(-81.568878, 35.289757)
"37045951300","37045","NC","Cleveland",2891,378,39626,21.4,NA,NA,NA,NA,NA,NA,0.7917,0.6,0.5053,9.71,0.33,0.25,0,8.5,18.8,10.1,35.2,7.6,15,c(-81.588436, -81.615278, 35.309229, 35.283056)
"37045951400","37045","NC","Cleveland",6397,489,15529,15.7,NA,NA,NA,NA,NA,NA,0.3814,0,0.7449,9.58,0,0.2,0,8.9,20.4,10.3,34.7,7.1,15.2,c(-81.623934, -81.6292, -81.621944, -81.696944, 35.318824, 35.3264, 35.328056, 35.305)
"37045951502","37045","NC","Cleveland",1192,207,4757642,1584.5,NA,NA,NA,NA,NA,NA,0.4802,0.2,0.6521,9.71,0.33,0.19,0,12,16.9,10.2,34.6,7.4,15.7,c(-81.751, -81.7594, -81.665, 35.188, 35.22, 35.1785)
"37045951503","37045","NC","Cleveland",2618,312,1535,1,NA,NA,NA,NA,NA,NA,0.4375,0,0.5383,9.75,0,0.21,0,7.1,14.5,10.1,33.4,7.1,15,c(-81.5956, 35.2536)
"37045951601","37045","NC","Cleveland",4302,416,5662,4,NA,NA,NA,NA,NA,NA,0.6762,0.8,0.7293,9.8,0,0.22,0,14,14,11.1,38.2,6.6,16.7,c(-81.559722, -81.564248, 35.23222, 35.232396)
"37045951602","37045","NC","Cleveland",4656,493,9770,5,NA,NA,NA,NA,NA,NA,0.6742,0.8,0.7808,9.82,0.67,0.25,0,16.6,17.5,10.8,36.8,6.9,16.8,c(-81.515833, 35.260833)
"37047930100","37047","NC","Columbus",4615,621,421616.523,66,NA,NA,NA,NA,NA,NA,0.6146,0.8,0.8559,7.83,0,0.15,0,16.5,16.5,11,42.3,7,16.1,c(-78.20425, -78.221475, -78.20905, -78.2137, 34.312472, 34.308744, 34.318997, 34.3533)
"37047930300","37047","NC","Columbus",2859,309,8648,4.9,NA,NA,NA,NA,NA,NA,0.0247,0.8,0.8217,8,0,0.14,0,7.5,27.5,10.7,42.1,8.4,15,c(-78.521944, 34.3375)
"37047930400","37047","NC","Columbus",3596,355,9269,5,NA,NA,NA,NA,NA,NA,0.0588,0.8,0.7716,8.14,0,0.14,0,9.9,28.6,11.4,45.8,7.3,16.5,c(-78.658, 34.44)
"37047930600","37047","NC","Columbus",3560,428,18153,9.7,NA,NA,NA,NA,NA,NA,0.1789,0.8,0.8269,8.35,0,0.13,0,17.2,17.2,10.8,41.8,7.4,16.1,c(-78.996148, -79.014444, 34.324366, 34.309722)
"37047930700","37047","NC","Columbus",4313,450,18736,10.8,NA,NA,NA,NA,NA,NA,0.2587,1,0.9701,8.33,0,0.15,0,10.5,21.8,11.9,45.7,7.6,17.5,c(-78.831433, -78.835833, -78.7874, 34.309261, 34.302778, 34.353586)
"37047930900","37047","NC","Columbus",4738,392,24805,15,NA,NA,NA,NA,NA,NA,0.2703,0.8,0.9694,8.26,0,0.18,0,10.9,16.9,12.3,46.8,7,18.9,c(-78.691944, -78.764901, -78.793056, 34.323889, 34.324656, 34.325278)
"37047931000","37047","NC","Columbus",5405,480,9397,5,NA,NA,NA,NA,NA,NA,0.4134,0.8,0.882,8.17,0,0.16,0,19.1,14.9,10.5,38.1,6.5,16.7,c(-78.701463, 34.307121)
"37049960102","37049","NC","Craven",4450,511,15327,10,NA,NA,NA,NA,NA,NA,0.2223,0,0.6933,7.72,0,0.13,0,10.9,16.6,9.8,34.2,6.9,14.8,c(-77.056725, -77.0743, 35.209564, 35.2167)
"37049960401","37049","NC","Craven",4620,320,314183,50,433.286,329.498,361976.671,433.286,329.498,361976.671,0.0854,0.4,0.472,7.81,0,0.16,0,7.3,29.3,9,39,9.2,11.6,c(-77.167883, 35.130193)
"37049960404","37049","NC","Craven",2954,126,9502,5,NA,NA,NA,NA,NA,NA,0.0357,0.6,0.4752,7.78,0,0.16,0,9.5,35.3,8.4,42.4,11.3,10.1,c(-77.185206, 35.067661)
"37051002600","37051","NC","Cumberland",5241,462,31608,323.2,NA,NA,NA,NA,NA,NA,0.7124,0.6,0.8173,9.44,0,0.25,0,5.1,19.3,9.8,39.8,8.2,14.1,c(-78.8294, -78.681111, -78.669479, -78.673331, -78.689, 35.0986, 35.204444, 35.21871, 35.219272, 35.216)
"37053110302","37053","NC","Currituck",3705,292,39215,20,NA,NA,NA,NA,NA,NA,0.3953,0.2,0.6252,7.31,0.33,0.16,0,16.6,14.5,9.8,35.3,7.2,14.3,c(-76.087222, 36.433333)
"37055970502","37055","NC","Dare",3649,490,228,15,9.825,0.886,40.424,9.825,0.886,40.424,0.0288,0.4,0.7934,6.61,0.67,0.13,0,16.5,20.5,9.6,35.6,7.7,14.4,c(-75.534722, 35.267222)
"37057060500","37057","NC","Davidson",5617,619,12711,1.6,0,2.309,0,95.903,3.101,320.607,0.84,0.4,0.5403,9.82,1,0.3,0,8.3,19.2,9.9,36.3,8,14.7,c(-80.183458, 35.841299)
"37057060601","37057","NC","Davidson",4540,431,95,1.8,1.985,0.191,8.697,1.985,0.191,8.697,0.3949,0.2,0.4067,9.8,1.33,0.3,0,10.7,9.4,9.9,30.7,6.1,15.7,c(-80.1106, 35.9403)
"37057061400","37057","NC","Davidson",3141,429,-47,1.8,0.065,0.006,0.284,0.065,0.006,0.284,0.7585,0.8,0.9986,9.85,0.67,0.4,0,31,10,12.8,42.3,5.8,22.2,c(-80.242154, 35.830877)
"37057061803","37057","NC","Davidson",3107,388,-50,6.6,NA,NA,NA,NA,NA,NA,0.9812,0.6,0.6481,9.84,1,0.37,0,10.4,20.3,10.2,37.3,7,15.5,c(-80.277778, -80.2594, 35.755, 35.7736)
"37057062001","37057","NC","Davidson",4513,472,140934.999,33,NA,NA,NA,NA,NA,NA,0.5328,0.6,0.5132,9.5,0.67,0.21,0,13.5,20.8,10.1,36.6,7.6,15.6,c(-80.2339, 35.6008)
"37059080400","37059","NC","Davie",4883,414,17583,10,NA,NA,NA,NA,NA,NA,0.6216,0.2,0.2008,9.61,0.67,0.23,0,4.8,24.3,9.2,33.2,7.5,12.6,c(-80.376, -80.416944, 35.933, 35.903333)
"37059080500","37059","NC","Davie",4635,442,9218,5,NA,NA,NA,NA,NA,NA,0.7832,0,0.7203,9.56,0.33,0.26,0,10.2,15.1,10,34.8,6.8,14.7,c(-80.541944, 35.878611)
"37063001801","37063","NC","Durham",8618,891,18622,7.2,NA,NA,NA,NA,NA,NA,0.5498,0.4,0.7635,9.82,0,0.31,0,21.3,11.4,10.5,36.2,5.7,14.7,c(-78.86, -78.823889, 36.0311, 36.08)
"37063001802","37063","NC","Durham",8121,877,5799,3.5,NA,NA,NA,NA,NA,NA,0.6418,0.8,0.9866,10.02,0,0.44,0,29,10.7,12.1,39.5,4.8,18.4,c(-78.848475, 36.004941)
"37063002100","37063","NC","Durham",9200,962,8615,5,NA,NA,NA,NA,NA,NA,0.2639,0.4,0.3942,9.46,0,0.19,0,4.1,18,9,35.2,7.7,11.8,c(-78.949586, 36.230561)
"37063980100","37063","","Durham",0,12,1540,3,NA,NA,NA,NA,NA,NA,NA,NA,NA,10.15,0,0.51,0,NA,NA,NA,NA,NA,NA,c(-78.873333, 35.911667)
"37065020600","37065","NC","Edgecombe",2364,353,232696,100,NA,NA,NA,NA,NA,NA,0.5331,0.8,0.8703,8.84,0,0.18,0,18.6,18.5,12.4,42.8,5.6,18.3,c(-77.696443, 36.003272)
"37065020700","37065","NC","Edgecombe",1918,227,9115,5,NA,NA,NA,NA,NA,NA,0.2268,0.8,0.8132,8.66,0,0.16,0,9.6,23.4,11.6,45.7,6.9,16.5,c(-77.623, 36.058)
"37065020800","37065","NC","Edgecombe",3324,372,169143,90,NA,NA,NA,NA,NA,NA,0.2151,0.8,0.8307,8.47,0,0.15,0,11.2,19,11.7,42.8,6.8,17.5,c(-77.457772, -77.481, -77.499167, 35.825182, 35.822, 35.858056)
"37065021300","37065","NC","Edgecombe",4942,488,179555,86.9,NA,NA,NA,NA,NA,NA,0.3719,0.8,0.797,8.78,0,0.18,0,12.9,18,10.8,38.6,6.7,16.1,c(-77.6731, -77.64, -77.615869, 35.9222, 35.9, 35.829572)
"37067002807","37067","NC","Forsyth",5269,403,2936,1.5,NA,NA,NA,NA,NA,NA,0.2205,0.4,0.587,8.91,0,0.22,0,9.1,18.4,10.1,36.8,7.4,14.7,c(-80.25463, 36.24634)
"37067002904","37067","NC","Forsyth",2285,195,24513,4.5,0,6.898,0,34.652,9.266,957.931,0.2945,0.4,0.4551,9.01,0.67,0.2,0,17,14.8,9.6,37.8,7.8,14.4,c(-80.183458, 36.191241)
"37067003103","37067","NC","Forsyth",5463,566,11394,2.4,0,2.401,0,110.07,3.225,333.353,0.2261,0,0.3803,9.22,0.67,0.21,0,9.9,17.7,8.8,29.8,6.7,12,c(-80.040555, 36.193611)
"37067003500","37067","NC","Forsyth",7565,690,32238,8.4,15.353,1.979,11465.107,201.738,25.999,150651.877,0.8609,0.8,0.9239,9.5,1.33,0.34,0,16.4,13.3,11,36.1,5.6,16.9,c(-80.227404, 36.033761)
"37067003803","37067","NC","Forsyth",5480,638,8797,5.2,NA,NA,NA,NA,NA,NA,0.3971,0.2,0.3916,9.41,1.33,0.28,0,7.9,17.9,9.3,33.3,7.5,12.7,c(-80.302, 36.0288)
"37069060100","37069","NC","Franklin",4744,403,5276,3.5,NA,NA,NA,NA,NA,NA,0.0571,0.8,0.9132,9.1,0,0.16,0,11.6,19.4,11.3,44,7.1,16.3,c(-78.25, 36.25)
"37069060200","37069","NC","Franklin",3704,356,22378,14,NA,NA,NA,NA,NA,NA,0.076,0.6,0.6714,8.95,0,0.16,0,8.9,19.8,10.3,41,7.6,14.9,c(-78.167778, -78.151987, -78.146944, -78.1525, 36.0975, 36.095572, 36.139444, 36.126944)
"37069060301","37069","NC","Franklin",6123,500,94708,50.2,NA,NA,NA,NA,NA,NA,0.1262,0.6,0.7387,9.2,0,0.18,0,4.3,23.4,10,40.3,7.7,13.3,c(-78.273106, 36.126912)
"37069060302","37069","NC","Franklin",2702,408,25161,13.7,NA,NA,NA,NA,NA,NA,0.4045,0.8,0.9925,9.33,0,0.23,0,11,22.4,12.1,48.2,6.9,18.1,c(-78.35, -78.308, -78.298796, 36.08, 36.057, 36.06936)
"37069060501","37069","NC","Franklin",7599,608,0,1,NA,NA,NA,NA,NA,NA,0.3854,0,0.3159,9.63,0,0.26,0,7.5,14.3,9.1,31.3,6.1,12.4,c(-78.516, 36.0205)
"37069060801","37069","NC","Franklin",4102,463,14732,9,NA,NA,NA,NA,NA,NA,0.0635,0.8,0.7532,9.35,0,0.19,0,18.1,11.3,10.5,37.6,5.7,15.7,c(-78.265, -78.250833, 35.969444, 35.948056)
"37071030301","37071","NC","Gaston",2723,405,27234.001,6,NA,NA,NA,NA,NA,NA,0.3345,0.2,0.6001,9.98,1,0.25,0,13.9,15.2,10.3,34.7,7.3,16,c(-81.172, -81.201002, 35.3857, 35.394254)
"37071030302","37071","NC","Gaston",2518,268,39802,25,NA,NA,NA,NA,NA,NA,0.4429,0.8,0.8784,10.03,0.67,0.29,0,11.3,17.8,10.6,35.2,6.9,17.2,c(-81.1343, 35.3224)
"37071030700","37071","NC","Gaston",3474,279,64,1.8,1.286,0.124,5.661,1.286,0.124,5.661,0.3695,0.6,0.5944,9.84,0.67,0.24,0,9.3,18,10.1,37.2,8.1,15.1,c(-81.38, 35.3778)
"37071030902","37071","NC","Gaston",3782,597,285,5.1,3.915,0.353,16.125,3.915,0.353,16.125,0.6446,0.8,0.906,10.03,0.67,0.36,0,12,12.9,11.1,36.3,6.1,17.6,c(-81.1414, 35.3119)
"37071031402","37071","NC","Gaston",2492,150,9427,5,NA,NA,NA,NA,NA,NA,0.8114,0.6,0.4638,10.05,0.67,0.42,0,3.3,24.6,9.7,38.4,8.6,14.4,c(-81.13735, 35.30498)
"37071031500","37071","NC","Gaston",3760,459,101.001,5.4,2.769,0.267,12.183,2.769,0.267,12.183,0.9156,0.8,0.9802,10.01,0.67,0.44,0,18.6,17.4,12.9,42.1,6.6,21.6,c(-81.205219, 35.28914)
"37071032100","37071","NC","Gaston",2952,436,9,1.8,0.149,0.014,0.615,0.149,0.014,0.615,0.8179,1,0.9903,10.06,0.67,0.55,0,19.6,19.8,10.9,40.2,7.9,16.6,c(-81.1383, 35.2747)
"37071033202","37071","NC","Gaston",2232,202,8291,4.3,NA,NA,NA,NA,NA,NA,0.9858,0,0.5432,10.01,0.67,0.33,0,9.7,14.7,10,33.3,6.9,14.9,c(-81.189078, 35.229033)
"37073970100","37073","NC","Gates",3905,271,18469,10,NA,NA,NA,NA,NA,NA,0.0322,0.6,0.7531,7.74,0.33,0.15,0,6.9,23.1,10.1,41.3,7.7,14,c(-76.597825, -76.581, 36.437752, 36.443)
"37073970300","37073","NC","Gates",3641,256,9531,5,NA,NA,NA,NA,NA,NA,0.1185,0.6,0.5561,7.99,0.33,0.15,0,6.2,18.6,10.5,39.5,7,15.1,c(-76.803611, 36.450833)
"37075920100","37075","NC","Graham",2554,294,811865.001,185,NA,NA,NA,NA,NA,NA,0.0101,0.6,0.4466,8.14,0,0.09,0,15.2,28.3,9.8,39.4,8.9,14.2,c(-83.9383, -83.863889, 35.4478, 35.4475)
"37077970101","37077","NC","Granville",4876,476,4880,2.5,NA,NA,NA,NA,NA,NA,0.1569,0.4,0.6991,8.96,0,0.14,0,5.6,20.9,10.3,39.6,7.1,14.6,c(-78.593889, 36.411667)
"37077970200","37077","NC","Granville",4820,479,34419,25,NA,NA,NA,NA,NA,NA,0.4808,0.8,0.8705,9.14,0,0.22,0,11.1,20.1,10.6,43.4,7.9,14.3,c(-78.612, -78.626111, -78.622242, -78.584212, -78.598507, 36.383, 36.366944, 36.326821, 36.353533, 36.372546)
"37077970300","37077","NC","Granville",3529,424,NA,15.2,NA,NA,NA,NA,NA,NA,0.6405,0.8,0.9326,9.32,0,0.25,0,13.8,19,10.9,40.9,6.9,15.6,c(-78.604589, -78.633283, -78.653997, 36.288911, 36.289625, 36.271819)
"37081012803","37081","NC","Guilford",8474,763,18890,5,0,2.924,0,105.455,3.927,405.992,0.7358,0.6,0.7604,9.59,1,0.38,0,12.9,11.4,10.9,37.7,6,14.5,c(-79.723622, 36.10447)
"37081014406","37081","NC","Guilford",2576,219,184,5.6,3.868,0.373,17.011,3.868,0.373,17.011,0.6439,0.6,0.7704,9.82,1,0.41,0,14.7,17.9,11.4,45.2,6.8,15,c(-79.9708, -79.9497, 35.9678, 35.9861)
"37081014501","37081","NC","Guilford",1136,159,-54,1.8,0.065,0.006,0.284,0.065,0.006,0.284,0.9755,0.8,0.9994,9.84,0.67,0.4,0,22.2,13.4,11.3,38,7.1,19.6,c(-79.990124, 35.924393)
"37081014503","37081","NC","Guilford",3618,342,48,1.8,1.631,0.158,7.183,1.631,0.158,7.183,0.6966,0.8,0.9949,9.84,1,0.42,0,16.7,8.4,12.5,39.4,5.3,19.5,c(-79.96, 35.97)
"37081016201","37081","NC","Guilford",6366,362,1351,1.3,NA,NA,NA,NA,NA,NA,0.6499,0,0.1582,9.45,1,0.31,0,6.3,12.5,8.5,27.9,7.1,11.4,c(-79.9692, 36.1053)
"37081016600","37081","NC","Guilford",2266,265,434.001,5.4,6.255,0.601,27.401,6.255,0.601,27.401,0.7329,0.4,0.8146,9.83,0.67,0.37,0,11.7,22.1,9.5,34.8,8.2,14.4,c(-79.9089, 35.9428)
"37081017000","37081","NC","Guilford",4681,437,15569,9,NA,NA,NA,NA,NA,NA,0.3595,0.2,0.4436,9.55,0,0.2,0,8.3,21.7,9.1,33.5,8.1,13.2,c(-79.60948, -79.618368, 35.97485, 35.975586)
"37081017200","37081","NC","Guilford",8084,766,8789,5,NA,NA,NA,NA,NA,NA,0.2248,0,0.3552,9.55,0.33,0.31,0,5.1,17.2,9.2,32.6,7.2,12.8,c(-79.548056, 35.991111)
"37083930100","37083","NC","Halifax",3246,346,68437,36,NA,NA,NA,NA,NA,NA,0.4724,0.8,0.9641,8.62,0,0.23,0,14.1,18.9,12.6,49.9,7.3,18.2,c(-77.571, -77.593, 36.371, 36.395)
"37083930200","37083","NC","Halifax",4617,352,189504.39,28.3,63.144,448.376,17258.44,635.548,4512.896,173706.056,0.5421,0.6,0.6718,8.68,0,0.36,0,4.1,19.7,9.9,37.6,7.7,13.8,c(-77.6414, 36.4769)
"37083930300","37083","NC","Halifax",4300,353,294966,280,NA,NA,NA,NA,NA,NA,0.414,0.8,0.9405,8.68,0,0.29,0,15.6,14.3,10.9,39.8,7,16.8,c(-77.6722, -77.6594, 36.4789, 36.4517)
"37083930600","37083","NC","Halifax",4333,369,27319,16,NA,NA,NA,NA,NA,NA,0.2511,0.8,0.7544,8.65,0,0.21,0,9.6,17.7,12,46.8,7.1,17.6,c(-77.655833, 36.418333)
"37083930800","37083","NC","Halifax",5047,377,13642,15,NA,NA,NA,NA,NA,NA,0.0651,0.8,0.8688,8.7,0,0.15,0,10.1,18.6,13.4,49.2,6.7,19.4,c(-77.897552, 36.23891)
"37083931000","37083","NC","Halifax",3168,360,58688,30,NA,NA,NA,NA,NA,NA,0.1329,0.8,0.8436,8.51,0,0.17,0,8.7,24.3,10.8,48.7,6.2,15.9,c(-77.631511, -77.633477, -77.624, 36.348734, 36.345842, 36.213)
"37085070300","37085","NC","Harnett",5062,348,4022,2,NA,NA,NA,NA,NA,NA,0.3504,1,0.9319,9.51,0,0.27,0,10.7,24.7,10.8,43.6,8.6,15.8,c(-78.610091, 35.330022)
"37085070401","37085","NC","Harnett",3904,373,9418,5,NA,NA,NA,NA,NA,NA,0.4747,0.6,0.7804,9.56,0,0.21,0,16.5,16.4,10.3,36.2,6.9,16,c(-78.690576, 35.414507)
"37085070402","37085","NC","Harnett",6773,602,8234,4.3,NA,NA,NA,NA,NA,NA,0.1062,0.6,0.8968,9.56,0,0.2,0,15.3,12.4,10.4,34.3,6,17.4,c(-78.603088, 35.41218)
"37085070500","37085","NC","Harnett",6224,182,6834,5,NA,NA,NA,NA,NA,NA,0.5199,1,0.8529,9.52,0,0.22,0,16.1,21.1,10.4,39.7,8,15.8,c(-78.661389, 35.333333)
"37085070600","37085","NC","Harnett",4520,439,9428,5,NA,NA,NA,NA,NA,NA,0.387,0.8,0.6121,9.52,0,0.2,0,15.1,12.5,10.9,39.9,6.1,15.8,c(-78.774331, 35.308639)
"37085070700","37085","NC","Harnett",5321,403,9790,5,NA,NA,NA,NA,NA,NA,0.5422,0.8,0.8992,9.57,0,0.21,0,8,16.4,10.4,40.1,6.2,16,c(-78.801, 35.368)
"37085070802","37085","NC","Harnett",4924,409,13926,7.8,NA,NA,NA,NA,NA,NA,0.4439,0.2,0.5632,9.59,0,0.22,0,8.3,9.7,10.2,23.1,4.2,16.3,c(-78.721683, -78.71433, 35.421964, 35.41424)
"37085070904","37085","NC","Harnett",3785,292,7558,5,NA,NA,NA,NA,NA,NA,0.1706,0,0.6833,9.69,0,0.25,0,16.1,13.7,9.6,32.3,5.8,14.8,c(-78.75, 35.516389)
"37087920101","37087","NC","Haywood",3483,396,383474.001,108,NA,NA,NA,NA,NA,NA,0.0171,0.4,0.4031,7.86,0.33,0.1,0,10,22.4,9.4,38.2,8.4,13.2,c(-83.0503, 35.6946)
"37087921301","37087","NC","Haywood",5069,433,2284,1.5,NA,NA,NA,NA,NA,NA,0.0531,0.4,0.3573,7.72,0.33,0.07,0,10.9,21.5,9.5,37.2,8.6,13.4,c(-82.890319, 35.473629)
"37089932000","37089","NC","Henderson",4290,405,21802,5,NA,NA,NA,NA,NA,NA,0.0819,0.2,0.2817,8.34,0.33,0.13,0,8.5,25.5,8.9,34,8.2,12,c(-82.389371, 35.245006)
"37091950300","37091","NC","Hertford",3567,433,224470,95,NA,NA,NA,NA,NA,NA,0.1745,0.6,0.7715,8.18,0,0.15,0,16,23.9,11.1,41.9,7.1,15.4,c(-77.085241, -77.066561, -77.060278, -77.076389, 36.248563, 36.29116, 36.270278, 36.260556)
"37091950401","37091","NC","Hertford",3546,308,16874,10,NA,NA,NA,NA,NA,NA,0.1797,0.8,0.7755,8.09,0,0.18,0,8.5,20.2,10.8,44.1,8.4,14.2,c(-76.993138, -76.997222, 36.306369, 36.306389)
"37093970202","37093","NC","Hoke",4224,492,9657,5,NA,NA,NA,NA,NA,NA,0.3164,0.8,0.8274,9.1,0,0.17,0,16.9,9.9,11.8,39.9,5.9,17.3,c(-79.268026, 34.983772)
"37093970300","37093","NC","Hoke",5237,374,8392,5,NA,NA,NA,NA,NA,NA,0.632,1,0.9881,9.18,0,0.21,0,17.9,19.1,11.4,45.9,7.5,16,c(-79.211944, 34.968889)
"37093970402","37093","NC","Hoke",3245,412,8329,4.8,NA,NA,NA,NA,NA,NA,0.2872,0.8,0.9876,9.14,0,0.17,0,22.1,15.2,13.8,45,5.9,21.3,c(-79.195833, 34.943889)
"37097060601","37097","NC","Iredell",5555,453,-50,2.2,0.084,0.008,0.364,0.084,0.008,0.364,0.4549,0.4,0.8236,9.74,0.67,0.54,0,6.4,17.6,9.9,39.6,7.3,14.6,c(-80.8542, 35.7972)
"37097060603","37097","NC","Iredell",1868,335,25995,3.2,0,4.653,0,201.382,6.25,646.096,0.8099,0.8,0.9597,9.83,0.67,0.35,0,23.1,18.3,10.6,40.1,6.8,17.3,c(-80.826001, 35.769281)
"37097060701","37097","NC","Iredell",2569,334,9547,5,NA,NA,NA,NA,NA,NA,0.7127,0,0.4837,9.78,0.67,0.28,0,15.6,15.9,9.6,33.6,6.6,14.8,c(-80.774867, 35.734972)
"37097060802","37097","NC","Iredell",3466,459,3962,4.9,NA,NA,NA,NA,NA,NA,0.4692,0.6,0.4982,9.41,0.33,0.22,0,11.5,15.2,9.9,36.1,6.9,15.7,c(-80.835488, 35.916178)
"37097061101","37097","NC","Iredell",3240,255,112008.999,25.8,NA,NA,NA,NA,NA,NA,0.3569,0,0.4695,9.59,0.33,0.2,0,10.5,17.3,9.5,34.1,7.1,14.5,c(-81.0894, 35.7575)
"37097061102","37097","NC","Iredell",3347,276,-43,1.8,0.075,0.007,0.331,0.075,0.007,0.331,0.6333,0.2,0.5759,9.66,0.67,0.25,0,10.4,17.6,9.6,36.3,7.3,15,c(-80.942709, 35.798462)
"37099950600","37099","NC","Jackson",10688,666,8100,3,NA,NA,NA,NA,NA,NA,0.0325,0.4,0.6914,7.77,0.33,0.09,0,7.1,11.4,10.4,22.1,4.1,18.5,c(-83.128111, 35.247011)
"37099950700","37099","NC","Jackson",2927,460,56803,19.8,NA,NA,NA,NA,NA,NA,0.0041,0.4,0.5848,7.63,0.33,0.07,0,11.4,14.2,9.9,36.3,7.4,15.5,c(-83.072007, -83.0028, 35.242677, 35.2139)
"37099950800","37099","NC","Jackson",2244,346,104341,28,NA,NA,NA,NA,NA,NA,0.0029,0.6,0.689,7.68,0.33,0.08,0,22.3,25.2,9.6,40.1,8.9,14.2,c(-83.125398, -83.0983, 35.233988, 35.2531)
"37101040301","37101","NC","Johnston",4899,476,2706,1.8,NA,NA,NA,NA,NA,NA,0.4137,0.8,0.9873,9.47,0,0.3,0,18.5,15.2,11.8,43,6.7,19.7,c(-78.2898, 35.5262)
"37101040400","37101","NC","Johnston",4422,311,8847,5,NA,NA,NA,NA,NA,NA,0.4095,0.2,0.7336,9.45,0,0.27,0,14.7,15.5,9.8,36,6.8,15,c(-78.192222, 35.504444)
"37101040600","37101","NC","Johnston",3821,354,21137,11.8,NA,NA,NA,NA,NA,NA,0.308,0.8,0.9502,9.44,0.33,0.23,0,15.1,8.8,11.5,43.9,6.8,18.1,c(-78.291129, -78.313889, -78.319751, 35.511698, 35.486944, 35.48835)
"37103920100","37103","NC","Jones",3472,288,NA,93.7,NA,NA,NA,NA,NA,NA,0.0293,1,0.9194,7.68,0,0.13,0,13.8,26.3,10.9,43.9,7.8,15.6,c(-77.186594, -77.2514, -77.219, -77.202453, 35.059582, 34.9915, 34.998, 35.035589)
"37103920300","37103","NC","Jones",3237,300,27972,16.9,NA,NA,NA,NA,NA,NA,0.2028,1,0.9521,8.18,0,0.13,0,18.6,19.6,11,41.7,7.7,17,c(-77.502759, -77.497, -77.503222, -77.53849, 35.19587, 35.205, 35.21377, 35.134054)
"37105030300","37105","NC","Lee",3015,485,3566,1.9,NA,NA,NA,NA,NA,NA,0.7465,0.8,0.9971,9.61,0,0.27,0,24.5,9.4,11.9,44.7,5.3,18.5,c(-79.180654, 35.462405)
"37105030401","37105","NC","Lee",4011,497,9481,5,NA,NA,NA,NA,NA,NA,0.8545,0.8,0.9644,9.67,0,0.26,0,20.6,15.1,10.7,37.1,5.7,16.9,c(-79.13444, 35.46777)
"37105030402","37105","NC","Lee",7509,753,26261,15,NA,NA,NA,NA,NA,NA,0.7153,0.8,0.9704,9.59,0,0.26,0,16.6,11.7,10.9,39,6.4,16.6,c(-79.173889, -79.181111, -79.189525, 35.458889, 35.458333, 35.453828)
"37105030601","37105","NC","Lee",3141,290,19097,9.9,NA,NA,NA,NA,NA,NA,0.753,0,0.1677,9.55,0,0.21,0,6.3,18.3,8.7,31.6,7.1,11.3,c(-79.195789, -79.198481, 35.557224, 35.528489)
"37107010100","37107","NC","Lenoir",4085,481,43019,24.9,NA,NA,NA,NA,NA,NA,0.5461,0.8,0.9189,8.53,0,0.15,0,12.7,20.1,11.6,42.3,6.9,17.6,c(-77.472283, -77.475106, -77.556944, -77.451944, -77.4549, 35.351436, 35.350081, 35.293056, 35.363889, 35.370441)
"37107010900","37107","NC","Lenoir",3225,317,3701,2,NA,NA,NA,NA,NA,NA,0.5318,0.8,0.9709,8.69,0,0.16,0,7.8,19.5,11.1,43.9,7,15.9,c(-77.608333, 35.370556)
"37107011001","37107","NC","Lenoir",4778,412,1584,9.2,15.84,1.528,69.692,25.704,2.479,113.091,0.3185,0.6,0.814,8.73,0,0.18,0,13.6,20.8,10.2,39.2,7.9,14.6,c(-77.659167, 35.268333)
"37107011002","37107","NC","Lenoir",3777,324,8394,5,NA,NA,NA,NA,NA,NA,0.085,0,0.5625,8.86,0,0.15,0,11.7,16.8,9.9,34.5,6.5,14.5,c(-77.666389, 35.331667)
"37107011100","37107","NC","Lenoir",5847,664,3939,2,NA,NA,NA,NA,NA,NA,0.2365,0.8,0.9564,8.94,0,0.16,0,17.2,19.5,11.1,41.7,7.1,16.3,c(-77.795061, 35.287803)
"37107011400","37107","NC","Lenoir",3709,414,9129,5,NA,NA,NA,NA,NA,NA,0.5256,0.6,0.7041,8.44,0,0.15,0,8.7,22.9,10.2,37.3,7.3,16,c(-77.5525, 35.230833)
"37109070100","37109","NC","Lincoln",5125,412,41,1.8,1.407,0.136,6.204,1.407,0.136,6.204,0.7624,0.6,0.8125,9.93,1,0.38,0,6.3,18.9,10.3,38.8,8,15.3,c(-81.262259, 35.477415)
"37109070800","37109","NC","Lincoln",6848,484,7965,5,NA,NA,NA,NA,NA,NA,0.7002,0.8,0.7164,9.92,1,0.28,0,18.4,16.5,10.5,35.6,6.4,17,c(-81.235278, 35.525833)
"37109071002","37109","NC","Lincoln",2676,248,27526,1753.6,88.237,84.159,6587.466,88.237,84.159,6587.466,0.4043,0.8,0.5921,10.01,1,0.25,0,9.5,19.4,10.7,37.9,7,16.7,c(-81.0347, 35.4317)
"37109071102","37109","NC","Lincoln",5841,262,8432,5,NA,NA,NA,NA,NA,NA,0.4423,0,0.1047,10.04,1,0.34,0,3.6,17.1,8.9,29.9,7.1,12.4,c(-80.997219, 35.427587)
"37109071201","37109","NC","Lincoln",1839,173,179301,350,NA,NA,NA,NA,NA,NA,0.3833,0.2,0.131,10.03,1.33,0.3,0,7.6,24.3,8.4,32.9,8.2,11,c(-80.9588, 35.4346)
"37113970100","37113","NC","Macon",2790,356,4748,1,NA,NA,NA,NA,NA,NA,0.0174,0.6,0.3546,8.03,0.33,0.1,0,7.6,22.4,9.3,41.4,9.3,13.1,c(-83.3708, 35.2194)
"37113970200","37113","NC","Macon",3828,467,217464,44.6,NA,NA,NA,NA,NA,NA,0.117,0.6,0.8144,8.11,0.33,0.08,0,6.1,29.4,9.9,40.6,9,15,c(-83.6762, -83.676016, 35.2715, 35.27127)
"37117970100","37117","NC","Martin",4508,306,390237.48,129.2,NA,NA,NA,NA,NA,NA,0.2046,0.8,0.6916,7.77,0,0.13,0,7,16.3,10.5,40.8,7.5,15.4,c(-77.02194, -76.790764, -76.801491, -76.7831, 35.83079, 35.829426, 35.845354, 35.8628)
"37117970200","37117","NC","Martin",3905,449,52114,29.9,NA,NA,NA,NA,NA,NA,0.1419,0.8,0.9471,7.96,0,0.19,0,14.4,25.3,10.8,44.8,8.2,14.6,c(-77.108044, -77.126944, -77.063056, 35.836544, 35.836944, 35.801111)
"37117970300","37117","NC","Martin",3774,393,28959,14.9,NA,NA,NA,NA,NA,NA,0.1168,0.8,0.8536,7.98,0,0.17,0,5,25.1,11.2,44.5,7.7,15.4,c(-77.11023, -77.111389, -77.081111, 35.85028, 35.847222, 35.875278)
"37117970500","37117","NC","Martin",5306,432,37214,20,NA,NA,NA,NA,NA,NA,0.2056,0.8,0.7458,8.01,0,0.14,0,10.5,19.5,10.5,40.7,7.3,15.9,c(-77.164201, -77.1397, 35.887545, 35.8748)
"37117970600","37117","NC","Martin",3263,293,41089,22,NA,NA,NA,NA,NA,NA,0.6021,1,0.9376,8.2,0,0.16,0,14.4,22.5,12.2,51,7.9,16.7,c(-77.291111, -77.30957, -77.269722, -77.270556, 35.815556, 35.821137, 35.831667, 35.806667)
"37119005301","37119","NC","Mecklenburg",4247,365,11959,5.2,238.183,0.398,284.705,238.183,0.398,284.705,0.8807,0.8,0.9469,10.2,1.67,0.74,0,24.3,4.6,11.1,37.2,4.1,16.9,c(-80.811667, 35.2625)
"37119005826","37119","NC","Mecklenburg",3106,246,-34,1.8,0.056,0.005,0.245,0.056,0.005,0.245,0.7548,0,0.2427,10.13,1.67,0.65,0,14.6,9.4,9.3,28.5,5.3,13.2,c(-80.8816, 35.0767)
"37119006005","37119","NC","Mecklenburg",3380,422,26559,3.5,0,2.199,0,100.892,6.262,647.378,0.972,0,0.5362,10.17,1,0.51,0,8,6.7,9.5,30.3,5.5,13,c(-80.998889, 35.294444)
"37123960401","37123","NC","Montgomery",2320,364,NA,3.5,NA,NA,NA,NA,NA,NA,0.3761,1,0.8213,8.96,0,0.17,0,8,28.8,11.6,48.3,7.8,16.1,c(-80.013247, 35.198537)
"37123960402","37123","NC","Montgomery",2691,456,197176.999,89,NA,NA,NA,NA,NA,NA,0.2904,1,0.5663,8.97,0,0.16,0,7.7,21.9,10.8,45,8.2,16.2,c(-80.06483, -80.03465, 35.206741, 35.24125)
"37127010400","37127","NC","Nash",2784,408,0,1.6,NA,NA,NA,NA,NA,NA,0.508,0.8,0.97,9.07,0,0.42,0,14.7,16.1,13.1,48.6,6.2,19.3,c(-77.802435, 35.960058)
"37127010700","37127","NC","Nash",2948,328,96060,51.6,NA,NA,NA,NA,NA,NA,0.6543,0.8,0.8836,8.86,0,0.25,0,15.1,18.7,10.9,44.1,7.5,14.4,c(-77.725147, -77.734444, -77.721389, -77.783333, -77.76077, -77.75, -77.762458, 36.115542, 36.127222, 36.129722, 36.0939, 36.05864, 36.06, 36.052801)
"37127010900","37127","NC","Nash",5511,560,37980,20.8,NA,NA,NA,NA,NA,NA,0.0803,0.8,0.7826,8.93,0,0.16,0,13.1,18,11.1,42.7,6.5,16.2,c(-78.030833, -78.029612, -78.038319, -78.010611, -77.97928, -77.992, 36.047222, 36.066109, 36.070336, 36.034354, 36.094719, 36.091)
"37127011000","37127","NC","Nash",4902,449,7096,5,NA,NA,NA,NA,NA,NA,0.2546,1,0.8656,9.18,0,0.18,0,15.1,21,11,44,7.7,15.7,c(-78.0925, 35.949444)
"37127011101","37127","NC","Nash",6501,619,9608,5,NA,NA,NA,NA,NA,NA,0.476,0,0.4312,9.1,0,0.26,0,4.6,15.4,9.6,34.6,6.6,13,c(-77.933518, 35.993015)
"37127011400","37127","NC","Nash",3880,376,44371,25,NA,NA,NA,NA,NA,NA,0.2564,0.6,0.8068,9.33,0,0.2,0,9.4,17.3,10.2,35.6,6.3,15.7,c(-78.102178, -78.135, -78.139722, -78.1398, 35.79915, 35.819, 35.7875, 35.7998)
"37131920401","37131","NC","Northampton",4405,369,35802,19.3,NA,NA,NA,NA,NA,NA,0.1607,0.8,0.9768,8.64,0,0.19,0,17.5,25.3,12,47.7,7.2,16.7,c(-77.617957, -77.6058, -77.61444, -77.656111, -77.677474, 36.467021, 36.4972, 36.50806, 36.514722, 36.50592)
"37131920402","37131","NC","Northampton",1334,179,277538,177.6,NA,NA,NA,NA,NA,NA,0.0325,0.6,0.5245,8.59,0,0.15,0,6,44.9,9.9,48.8,10.6,12,c(-77.811543, 36.499147)
"37133000103","37133","NC","Onslow",5720,549,34591,19.5,NA,NA,NA,NA,NA,NA,0.0374,0.2,0.3691,7.73,0,0.13,0,8.1,9.2,10.2,31.8,5.9,16.7,c(-77.185771, -77.213772, -77.21041, -77.228776, 34.773578, 34.800947, 34.810913, 34.83896)
"37133000700","37133","NC","Onslow",7246,598,18193,12.8,NA,NA,NA,NA,NA,NA,0.7881,0.2,0.4185,7.59,0,0.17,0,0.4,1.1,9.2,19.8,2.5,16.3,c(-77.350273, 34.725699)
"37135011700","37135","NC","Orange",5337,620,54266,32,43.133,202.782,4038.668,326.738,1536.106,30593.602,0.4244,0.4,0.2178,9.82,0,0.41,0,2.7,4.5,10.5,16.2,2.4,18.5,c(-79.0617, 35.9069)
"37139960503","37139","NC","Pasquotank",2942,361,30888,20,NA,NA,NA,NA,NA,NA,0.1188,0.8,0.6901,7.61,0.33,0.16,0,6.4,14.8,11,37.3,6.5,16.1,c(-76.364244, 36.421064)
"37139960600","37139","NC","Pasquotank",6960,729,47780,23.1,NA,NA,NA,NA,NA,NA,0.3436,0,0.4496,7.5,0.33,0.18,0,8.5,18.1,9.8,34.5,6.9,13.6,c(-76.299469, -76.306111, 36.269175, 36.264722)
"37141920204","37141","NC","Pender",2608,393,9619,4.5,NA,NA,NA,NA,NA,NA,0.0094,0.4,0.6159,7.62,0,0.13,0,7.3,20.9,10.2,40.6,7.1,14.3,c(-77.642, 34.437)
"37141920300","37141","NC","Pender",4368,527,246683,118.3,NA,NA,NA,NA,NA,NA,0.3082,0.8,0.9401,8.08,0,0.15,0,13.5,15.1,10.8,39.9,7.4,16.5,c(-77.924167, -77.928889, -77.977497, -78.005377, -77.9697, 34.61, 34.611944, 34.67704, 34.623309, 34.70249)
"37141920401","37141","NC","Pender",2667,397,16018,9.5,NA,NA,NA,NA,NA,NA,0.0724,0.8,0.9846,7.7,0,0.15,0,18.6,15.1,11.6,41.6,6.5,17.7,c(-77.908113, -77.911678, 34.53827, 34.536)
"37143920201","37143","NC","Perquimans",2948,294,28424,15,NA,NA,NA,NA,NA,NA,0.0982,1,0.9658,7.6,0.33,0.15,0,18.5,19.9,10.9,43.5,8.2,15.8,c(-76.489357, -76.489563, -76.52924, 36.160629, 36.157401, 36.107345)
"37143920202","37143","NC","Perquimans",4059,350,19818,10,NA,NA,NA,NA,NA,NA,0.1196,0.6,0.5569,7.48,0.33,0.14,0,10.5,37.5,9.8,45,10,12.7,c(-76.490915, -76.507778, 36.13026, 36.114444)
"37145920100","37145","NC","Person",6712,499,1303167,763.2,1072.89,1293.367,401212.499,1072.89,1293.367,401212.499,0.5604,0.6,0.6216,9.13,0,0.15,0,5.3,21.9,10.4,39.3,7.2,15.2,c(-78.8917, 36.5278)
"37145920200","37145","NC","Person",6554,523,5548254,2575.2,NA,NA,NA,NA,NA,NA,0.3598,0.6,0.4426,9.15,0,0.16,0,3.5,20.3,9.9,38.1,7.7,14,c(-79.0731, -78.956739, -78.95, -78.921771, -78.917364, 36.4833, 36.458658, 36.464, 36.486008, 36.4797)
"37145920300","37145","NC","Person",5487,582,60859,69.5,NA,NA,NA,NA,NA,NA,0.7549,1,0.9616,9.18,0,0.26,0,13.9,19.6,12,46.6,7.8,18.4,c(-78.9619, -78.97198, 36.435, 36.43741)
"37145920500","37145","NC","Person",6946,575,1754,1,NA,NA,NA,NA,NA,NA,0.3664,0,0.3342,9.25,0,0.17,0,5.2,17.6,9.9,34.6,6.9,14.5,c(-78.9675, 36.3125)
"37145920602","37145","NC","Person",4982,588,3918,2.5,NA,NA,NA,NA,NA,NA,0.2575,0,0.5046,9.24,0,0.17,0,9,14.1,9.6,34.4,7,13.9,c(-78.986111, 36.288056)
"37147001500","37147","NC","Pitt",3328,371,102263,52.1,NA,NA,NA,NA,NA,NA,0.1462,0.8,0.8557,8.35,0,0.15,0,9.1,17.4,10.8,40.6,7.4,15.9,c(-77.405992, 35.380683)
"37147001800","37147","NC","Pitt",6599,609,NA,11.6,NA,NA,NA,NA,NA,NA,0.4978,0.6,0.728,8.78,0,0.18,0,5.8,16.5,10.8,40.6,7.4,15.1,c(-77.609438, -77.614507, -77.639109, 35.597904, 35.591719, 35.599685)
"37147002002","37147","NC","Pitt",5186,546,18195,12,NA,NA,NA,NA,NA,NA,0.501,0.6,0.8256,8.4,0,0.15,0,12.6,21.4,10.7,40.5,7.1,14.8,c(-77.513, -77.384542, -77.381111, 35.759, 35.794328, 35.794722)
"37151030301","37151","NC","Randolph",6291,458,12310,9.6,NA,NA,NA,NA,NA,NA,0.5399,0.6,0.9151,9.58,0,0.28,0,21.8,13.2,10.4,34.3,5.7,17.8,c(-79.784627, -79.78992, -79.78553, 35.7527, 35.75101, 35.74901)
"37151030302","37151","NC","Randolph",2735,395,903,2.3,NA,NA,NA,NA,NA,NA,0.3709,1,0.9994,9.55,0,0.31,0,23.9,22,11.5,41.4,7.8,17.2,c(-79.788, 35.713)
"37151030700","37151","NC","Randolph",6503,640,2227,1.3,NA,NA,NA,NA,NA,NA,0.1775,0.2,0.6927,9.33,0,0.17,0,11.1,15.5,10.1,33.4,7,16.3,c(-79.8727, 35.62845)
"37151031200","37151","NC","Randolph",4940,388,NA,12,NA,NA,NA,NA,NA,NA,0.5886,1,0.9286,9.53,0,0.21,0,15.7,18.4,10.6,39.1,7.7,16.1,c(-79.555024, -79.57982, -79.577907, 35.850341, 35.86546, 35.859618)
"37151031303","37151","NC","Randolph",4369,340,9669,5,NA,NA,NA,NA,NA,NA,0.5395,0.8,0.4175,9.77,0.67,0.24,0,10,21,10.2,36,7.5,15.8,c(-79.9282, 35.87025)
"37153970100","37153","NC","Richmond",4315,415,9265,5,NA,NA,NA,NA,NA,NA,0.1107,0.8,0.7768,8.9,0,0.14,0,17.6,10.6,10.8,38.2,5.6,17.5,c(-79.603732, 34.980661)
"37153970200","37153","NC","Richmond",5095,542,87218,49.7,NA,NA,NA,NA,NA,NA,0.1085,0.8,0.8203,8.82,0,0.16,0,12.7,16.9,10.7,41.4,7.3,16,c(-79.636372, -79.73, 35.148503, 35.1)
"37153970600","37153","NC","Richmond",4054,390,9093,4.9,NA,NA,NA,NA,NA,NA,0.4233,0.8,0.9993,8.95,0,0.25,0,12.7,15.7,12.3,43.5,7,19.3,c(-79.722852, 34.925452)
"37153970800","37153","NC","Richmond",4589,533,9431,5,NA,NA,NA,NA,NA,NA,0.7388,0.8,0.8074,8.96,0,0.16,0,9.5,22,11.1,38.8,6.7,17.1,c(-79.829444, 34.909167)
"37153971000","37153","NC","Richmond",4516,543,8792,5,NA,NA,NA,NA,NA,NA,0.224,0.8,0.9311,8.94,0,0.23,0,12.7,14.8,11.7,44,6.6,17.3,c(-79.609722, 34.965556)
"37153971100","37153","NC","Richmond",4426,429,8391465,2593.6,NA,NA,NA,NA,NA,NA,0.2331,0.8,0.878,8.97,0,0.2,0,10.3,16.9,12.1,43.7,6.9,18.8,c(-79.673277, -79.736087, -79.7406, 34.879581, 34.842311, 34.8392)
"37155960101","37155","NC","Robeson",4123,388,9295,7,NA,NA,NA,NA,NA,NA,0.5457,0.8,0.9394,9.06,0,0.22,0,14.2,11.7,11.8,36.9,5.2,20.2,c(-78.950494, -78.9088, 34.807903, 34.791)
"37155960102","37155","NC","Robeson",5099,471,26453,14.9,NA,NA,NA,NA,NA,NA,0.6526,0.8,0.9683,9.08,0,0.25,0,13.7,18.8,11.2,40.3,6.8,17.5,c(-78.970833, -78.9836, -78.981, 34.82, 34.7716, 34.7691)
"37155960202","37155","NC","Robeson",4379,507,20126,14.9,NA,NA,NA,NA,NA,NA,0.3495,0.8,0.9729,9.12,0,0.17,0,20.9,13.4,13.7,38.1,5.3,22.9,c(-79.108, -79.1194, -79.128889, 34.859, 34.83091, 34.8475)
"37155960501","37155","NC","Robeson",3517,346,8288,6.5,NA,NA,NA,NA,NA,NA,0.1859,0.8,0.8608,9.06,0,0.22,0,11.9,15.2,14.2,41,6.9,20.7,c(-79.216, 34.695)
"37155960502","37155","NC","Robeson",4683,343,6654,4.1,NA,NA,NA,NA,NA,NA,0.3256,0.4,0.8549,9.04,0,0.23,0,11.1,8.6,13.5,29.5,4.2,22.4,c(-79.185, 34.68056)
"37155960503","37155","NC","Robeson",1838,171,12455,7,NA,NA,NA,NA,NA,NA,0.3278,0.8,0.8239,9.01,0,0.21,0,10.3,20.7,13.4,39.9,7.2,18.9,c(-79.2001, -79.199375, 34.6705, 34.670842)
"37155960802","37155","NC","Robeson",1475,205,0,34.7,NA,NA,NA,NA,NA,NA,0.6582,0.8,0.9586,8.88,0,0.26,0,9.9,15.9,13.5,50.7,6.5,19.3,c(-78.9968, 34.59)
"37155961100","37155","NC","Robeson",2237,212,4196,165,NA,NA,NA,NA,NA,NA,0.4546,0.8,0.9942,8.86,0,0.25,0,26.2,9.2,13.6,42.4,5.9,23.6,c(-78.97, -78.97552, 34.6, 34.587538)
"37155961500","37155","NC","Robeson",5041,614,24484,14.2,NA,NA,NA,NA,NA,NA,0.1399,0.8,0.8214,8.75,0,0.16,0,14.2,15.4,11.4,37.6,6.4,17.7,c(-78.928657, -78.94, -78.94951, 34.635599, 34.581944, 34.58125)
"37155961601","37155","NC","Robeson",4313,441,19136,10,NA,NA,NA,NA,NA,NA,0.129,0.8,0.8305,8.76,0,0.18,0,13.3,10.5,12.3,39.7,6.2,20.1,c(-79.031836, -78.957206, 34.583119, 34.522942)
"37155961602","37155","NC","Robeson",4030,360,22390,13,NA,NA,NA,NA,NA,NA,0.1312,0.8,0.7969,8.65,0,0.15,0,12.3,17.1,11.7,42.5,7.3,17.7,c(-79.0847, -79.090206, -79.048889, -79.037483, 34.4384, 34.436698, 34.496944, 34.564307)
"37155961700","37155","NC","Robeson",5035,402,28325,21.4,NA,NA,NA,NA,NA,NA,0.0825,1,0.9024,8.8,0,0.17,0,10,18.8,12.8,48.4,7.8,18.3,c(-79.095952, -79.0975, -79.135875, -79.13, -79.152443, 34.458665, 34.476111, 34.509128, 34.52, 34.466688)
"37155961802","37155","NC","Robeson",5418,477,8406,5,NA,NA,NA,NA,NA,NA,0.3766,0.8,0.8527,8.93,0,0.21,0,14.3,16.4,13.7,42.9,6.7,20.2,c(-79.104444, 34.524444)
"37155961900","37155","NC","Robeson",4939,371,16665,10,NA,NA,NA,NA,NA,NA,0.1701,0.8,0.9633,8.85,0,0.17,0,14.9,19.7,13.2,47.9,7.3,19.8,c(-79.30219, -79.28097, 34.543889, 34.561146)
"37155962001","37155","NC","Robeson",3506,315,35687,20.3,NA,NA,NA,NA,NA,NA,0.3268,0.8,0.9303,9.07,0,0.22,0,13.1,19.3,14,47.8,6.8,20.8,c(-79.353889, -79.335278, -79.31463, -79.30235, -79.29538, 34.714167, 34.726944, 34.71472, 34.711628, 34.707644)
"37157040101","37157","NC","Rockingham",3877,359,8234,4.9,NA,NA,NA,NA,NA,NA,0.2264,0.8,0.6506,9.05,0,0.18,0,7.9,18.8,10.3,38.6,7.7,15.7,c(-79.647222, 36.390278)
"37157040102","37157","NC","Rockingham",2680,347,8988,5,NA,NA,NA,NA,NA,NA,0.2926,0.4,0.5679,9.09,0,0.19,0,12.6,15.1,9.8,39.3,7.2,14.3,c(-79.528056, 36.471667)
"37157040200","37157","NC","Rockingham",3754,353,4173444,697.9,388.897,8.765,64616.206,388.897,8.765,64616.206,0.7356,0.8,0.9499,8.98,0,0.2,0,16,17.4,10.9,41.4,7.2,17.1,c(-79.7208, 36.4862)
"37157040700","37157","NC","Rockingham",4454,367,5815,1.2,NA,NA,NA,NA,NA,NA,0.3136,0.8,0.6652,8.74,0,0.19,0,7.2,24.9,10.3,39.9,8,15.9,c(-79.952494, 36.423715)
"37157041002","37157","NC","Rockingham",5700,400,724723,977.5,184.015,2.256,18487.017,184.015,2.256,18487.017,0.1943,0.2,0.6057,9.07,0.33,0.19,0,9.2,20.4,9.4,34.5,7.6,13.8,c(-79.8297, 36.3297)
"37157041300","37157","NC","Rockingham",6150,670,17917,10,NA,NA,NA,NA,NA,NA,0.6619,0.8,0.8998,9.2,0.33,0.18,0,16.3,18.8,11.2,41.8,6.8,17.4,c(-79.5667, -79.6214, 36.2847, 36.2922)
"37157041602","37157","NC","Rockingham",4614,408,7927,5,NA,NA,NA,NA,NA,NA,0.4723,0,0.5177,9.23,0.33,0.2,0,8.6,16.4,9.6,34.6,7.1,14.2,c(-79.759203, 36.273192)
"37159050201","37159","NC","Rowan",4236,391,7778,3.8,NA,NA,NA,NA,NA,NA,0.755,0.8,0.8751,9.85,1,0.44,0,11.6,23.8,10.9,45.4,8.2,15.2,c(-80.422626, 35.632585)
"37159050700","37159","NC","Rowan",3222,137,9315,5,NA,NA,NA,NA,NA,NA,0.8219,0.8,0.8895,9.85,1,0.33,0,13.8,15.6,11.3,41.1,7.2,16.7,c(-80.407853, 35.712886)
"37159050901","37159","NC","Rowan",4706,429,4535375,697.9,132.789,9.437,70513.254,132.789,9.437,70513.254,0.5903,0.4,0.5241,9.75,0.67,0.27,0,11.2,26.6,9.7,36.6,7.8,14,c(-80.3767, 35.7133)
"37159050903","37159","NC","Rowan",5977,543,15847,9,NA,NA,NA,NA,NA,NA,0.4077,0.2,0.3363,9.74,0.67,0.25,0,4.7,16.3,9.9,34.9,7.1,14.4,c(-80.363333, -80.38589, 35.541944, 35.55543)
"37159051001","37159","NC","Rowan",7759,473,9970,5,NA,NA,NA,NA,NA,NA,0.727,0,0.6227,9.7,0.67,0.26,0,11.1,15.1,10,32.9,7,15.2,c(-80.451125, 35.525584)
"37159051101","37159","NC","Rowan",5905,597,5536,3.5,NA,NA,NA,NA,NA,NA,0.4363,0,0.3737,9.84,1,0.31,0,11.1,19.3,10.1,34.6,7.1,15.2,c(-80.474722, 35.541667)
"37159051102","37159","NC","Rowan",3452,400,3517,2,NA,NA,NA,NA,NA,NA,0.9801,0.8,0.646,9.89,1,0.44,0,6.4,18.3,10.6,37.8,7.4,16.6,c(-80.53, 35.61)
"37159051202","37159","NC","Rowan",3445,324,8592,5,NA,NA,NA,NA,NA,NA,0.8862,0.8,0.7608,9.9,1,0.34,0,13.5,16.4,10.4,37.7,7,15.7,c(-80.523611, 35.668333)
"37159051600","37159","NC","Rowan",6784,620,-46,2.2,0.037,0.004,0.165,0.037,0.004,0.165,0.4941,0.2,0.7575,9.97,1,0.35,0,14.2,18.2,10.2,36.8,7.4,15,c(-80.612301, 35.541982)
"37159051901","37159","NC","Rowan",4505,393,3999,2,NA,NA,NA,NA,NA,NA,0.6316,0.2,0.5346,9.9,1,0.3,0,7.7,16.9,9.9,36.6,7.2,15,c(-80.665833, 35.710833)
"37161960400","37161","NC","Rutherford",3685,467,5826,3,NA,NA,NA,NA,NA,NA,0.4192,0.4,0.4663,9.12,0,0.21,0,5,20,9.6,36.1,7.9,13.7,c(-81.926389, 35.316944)
"37161960700","37161","NC","Rutherford",4027,456,9028,5.9,NA,NA,NA,NA,NA,NA,0.4745,0.6,0.7631,9.27,0,0.25,0,7.1,20.9,10.2,37,7.7,14.7,c(-81.817582, -81.8344, 35.379505, 35.3619)
"37161960900","37161","NC","Rutherford",5725,816,NA,3.6,NA,NA,NA,NA,NA,NA,0.4733,1,0.9392,9.37,0.33,0.29,0,16.1,19.3,10.6,38.5,7.9,16.2,c(-81.841826, 35.308314)
"37161961102","37161","NC","Rutherford",3248,404,137265,74.8,NA,NA,NA,NA,NA,NA,0.6141,0.8,0.7596,9.55,0.33,0.21,0,9.5,20.8,10.5,37.6,7.4,17,c(-81.830556, 35.257778)
"37163970600","37163","NC","Sampson",4681,332,28541,14.9,NA,NA,NA,NA,NA,NA,0.4259,0.8,0.988,9.11,0,0.2,0,9.9,19.2,10.9,42,7.3,15.7,c(-78.329675, -78.350802, -78.350088, 35.041048, 35.015398, 35.019771)
"37165010102","37165","NC","Scotland",4861,334,8760,4.9,NA,NA,NA,NA,NA,NA,0.2123,1,0.9745,9.04,0,0.25,0,10.7,21.1,11.4,42.4,8.1,16,c(-79.5, 34.7587)
"37165010200","37165","NC","Scotland",4123,303,NA,10,NA,NA,NA,NA,NA,NA,0.5449,0.8,0.9931,9.04,0,0.21,0,11.5,16.7,13.7,48,6.2,20.3,c(-79.465814, -79.474542, 34.79217, 34.784039)
"37165010300","37165","NC","Scotland",4575,335,28885,17,NA,NA,NA,NA,NA,NA,0.58,0.8,0.98,9.06,0,0.22,0,11.8,11.3,13.1,42.3,6.4,20.6,c(-79.430243, -79.447222, -79.442969, -79.463056, 34.756481, 34.756389, 34.764403, 34.742222)
"37165010400","37165","NC","Scotland",4495,351,34068,20,NA,NA,NA,NA,NA,NA,0.601,0.8,0.8808,9.07,0,0.17,0,16.6,13.3,11.3,39.3,5.8,17.7,c(-79.340833, 34.774167)
"37167930101","37167","NC","Stanly",4744,393,9021,5,NA,NA,NA,NA,NA,NA,0.5493,0,0.6144,9.51,0.67,0.23,0,8.2,17.7,9.5,31.2,6.6,14.8,c(-80.293611, 35.468611)
"37167930200","37167","NC","Stanly",4458,367,137783.001,35,NA,NA,NA,NA,NA,NA,0.6594,0.2,0.653,9.23,0,0.2,0,6.3,20.5,9.3,36.5,7,14,c(-80.151849, -80.0753, 35.407208, 35.3944)
"37171930102","37171","NC","Surry",4559,395,6313,1.6,0,1.201,0,43.322,1.613,166.788,0.2615,0.8,0.6812,8.39,0,0.17,0,13.6,17.7,10.5,36.8,7.3,16.3,c(-80.568333, 36.438611)
"37171930202","37171","NC","Surry",3246,357,1587,1.2,NA,NA,NA,NA,NA,NA,0.5893,1,0.7364,8.35,0,0.22,0,10.3,22.2,10.7,40.5,8.3,16.6,c(-80.601111, 36.476667)
"37171930600","37171","NC","Surry",3134,349,6042,3.5,NA,NA,NA,NA,NA,NA,0.4799,0.4,0.671,8.38,0,0.25,0,8.2,22.8,9.7,37.5,8.1,14.1,c(-80.600556, 36.461111)
"37171930902","37171","NC","Surry",1675,192,6747,5,NA,NA,NA,NA,NA,NA,0.6416,0.4,0.438,8.61,0,0.27,0,10.6,27.3,9.4,37.1,8.6,12.7,c(-80.843419, 36.283819)
"37171931002","37171","NC","Surry",5025,367,6635,3,NA,NA,NA,NA,NA,NA,0.2335,0.2,0.8501,8.43,0,0.19,0,8.3,18,9.8,36.3,6.9,15.1,c(-80.737407, 36.388216)
"37173980200","37173","","Swain",0,12,1328369.999,254.7,NA,NA,NA,NA,NA,NA,NA,NA,NA,7.95,0.33,NA,0,NA,NA,NA,NA,NA,NA,c(-83.805, 35.4507)
"37179020403","37179","NC","Union",4705,451,9282,5,NA,NA,NA,NA,NA,NA,0.6318,0,0.6279,9.68,0.33,0.4,0,14.5,12.2,9.7,31.9,6.2,14.5,c(-80.601944, 34.971944)
"37179020601","37179","NC","Union",4926,454,240,30,1.006,0.011,17.65,1.006,0.011,17.65,0.7645,0.8,0.9326,9.54,0.33,0.37,0,26.1,10.9,11.1,35.9,5.5,18.1,c(-80.506037, 34.985814)
"37179020602","37179","NC","Union",4996,511,54,1.8,1.435,0.139,6.329,1.435,0.139,6.329,0.4587,1,0.9703,9.47,0.33,0.37,0,24.4,18.3,10.8,40.7,7.8,16.2,c(-80.540038, 34.973274)
"37179020702","37179","NC","Union",4214,357,9018,5.3,NA,NA,NA,NA,NA,NA,0.3792,0.8,0.7701,9.34,0.33,0.21,0,14.3,17.9,10.6,37.2,6.6,16.2,c(-80.48191, 34.95233)
"37179020800","37179","NC","Union",5558,397,17112,10,NA,NA,NA,NA,NA,NA,0.6432,0.4,0.7942,9.28,0.33,0.23,0,17.8,19.6,10.3,37.4,7.4,14.8,c(-80.383611, -80.389622, 34.988889, 34.970486)
"37179021005","37179","NC","Union",4739,407,103849,54.6,NA,NA,NA,NA,NA,NA,0.161,0,0.4086,9.55,0,0.25,0,9.4,19,9.6,33.2,6.9,13.7,c(-80.625615, 34.929945)
"37181960100","37181","NC","Vance",4051,481,115111,55,NA,NA,NA,NA,NA,NA,0.177,0.6,0.8787,8.9,0,0.19,0,8.2,22.9,10.9,42.6,7.3,15,c(-78.315078, -78.328294, 36.475369, 36.395286)
"37181960200","37181","NC","Vance",4015,439,8728,5,NA,NA,NA,NA,NA,NA,0.0441,0.8,0.7516,8.87,0,0.15,0,5.3,22.4,11.5,43.4,7,15.9,c(-78.459722, 36.414722)
"37181960300","37181","NC","Vance",5127,530,18726,10,NA,NA,NA,NA,NA,NA,0.341,0.6,0.8165,9.11,0,0.2,0,7.1,23.7,10.9,38.6,7.1,15.4,c(-78.449024, -78.415278, 36.391194, 36.371111)
"37181960600","37181","NC","Vance",1545,172,8848,5,NA,NA,NA,NA,NA,NA,0.4918,0.8,0.9715,9.06,0,0.27,0,14.7,8.6,12.8,42.1,5.8,19.4,c(-78.376344, 36.352489)
"37181961000","37181","NC","Vance",5738,522,18474,10,NA,NA,NA,NA,NA,NA,0.3998,0.8,0.8796,9.27,0,0.19,0,7.2,17.4,11.4,39.1,6,17.3,c(-78.367806, -78.411966, 36.265611, 36.258478)
"37183051102","37183","NC","Wake",4977,448,80444,11.2,129.671,1.328,1841.084,175.9,1.801,2497.456,0.6928,0.4,0.614,10.17,0,0.58,0,1.5,1.1,11.4,15.4,1.3,24.3,c(-78.674704, 35.784027)
"37183051700","37183","NC","Wake",3360,249,0,1,NA,NA,NA,NA,NA,NA,0.699,0.2,0.0014,10.2,0,0.56,0,1.1,17.9,7.6,27.9,8.2,8.3,c(-78.6689, 35.837841)
"37183052807","37183","NC","Wake",6558,604,1400,1.1,NA,NA,NA,NA,NA,NA,0.3764,0,0.6477,9.88,0,0.32,0,11.5,8.8,9.4,31.8,5.7,12.7,c(-78.498889, 35.714444)
"37183052809","37183","NC","Wake",3068,254,4115,2.5,NA,NA,NA,NA,NA,NA,0.4053,0,0.6333,9.82,0,0.34,0,15.4,12.6,9.7,34.1,6.2,14.3,c(-78.526111, 35.674444)
"37183053109","37183","NC","Wake",9478,754,NA,5,NA,NA,NA,NA,NA,NA,0.2203,0,0.2342,9.82,0,0.27,0,6.6,12.2,8.6,28.6,6.4,11.6,c(-78.710261, 35.564354)
"37183053521","37183","NC","Wake",3694,275,1820,2,NA,NA,NA,NA,NA,NA,0.3933,0,0.1042,10.23,0,0.49,0,2.7,14.4,7.6,29.4,7,9.2,c(-78.7503, 35.8136)
"37185950101","37185","NC","Warren",2145,243,41463,20,NA,NA,NA,NA,NA,NA,0.0944,0.6,0.4718,8.63,0,0.16,0,7.2,40.6,9.3,47.2,10.2,11.8,c(-78.033704, 36.515544)
"37185950102","37185","NC","Warren",1265,203,8752,5,NA,NA,NA,NA,NA,NA,0.0533,0.6,0.5569,8.62,0,0.16,0,11.1,35,9.8,44.3,9.5,12.4,c(-77.9703, 36.432)
"37185950300","37185","NC","Warren",4239,425,37962,21.9,NA,NA,NA,NA,NA,NA,0.1485,1,0.988,8.79,0,0.17,0,20.8,21.6,12.3,52.6,8.1,17.3,c(-78.141105, -78.132311, -78.1526, -78.178, -78.171111, 36.404382, 36.421617, 36.4338, 36.412, 36.415)
"37187950100","37187","NC","Washington",4529,434,235795,94,NA,NA,NA,NA,NA,NA,0.1067,1,0.865,7.43,0,0.13,0,11.3,24.8,11.6,47.5,7.8,16.4,c(-76.379444, -76.620452, 35.898889, 35.928188)
"37191000102","37191","NC","Wayne",6617,436,9287,4.9,NA,NA,NA,NA,NA,NA,0.6323,0,0.3781,9.39,0,0.21,0,6.1,17.2,8.9,30.5,6.2,12.8,c(-77.99, 35.433889)
"37191000200","37191","NC","Wayne",3049,301,9099,5,NA,NA,NA,NA,NA,NA,0.2072,0.4,0.786,9.24,0,0.17,0,17,17.6,10.1,41,7.4,14.8,c(-77.969167, 35.531944)
"37191000302","37191","NC","Wayne",5780,422,8457,5,NA,NA,NA,NA,NA,NA,0.244,0.4,0.7589,9.19,0,0.17,0,11.9,16.5,10.2,38.3,6.6,15,c(-77.919201, 35.416191)
"37191000303","37191","NC","Wayne",6812,634,13045,7,NA,NA,NA,NA,NA,NA,0.2338,0.2,0.579,9.25,0,0.17,0,10.8,13.1,10.1,34.2,6.2,15.6,c(-77.85, -77.833611, 35.441667, 35.437222)
"37191000304","37191","NC","Wayne",5290,509,25132,12.4,NA,NA,NA,NA,NA,NA,0.5709,0.6,0.7819,9.31,0,0.18,0,14.6,13.9,10.2,36.5,6.9,16,c(-77.973754, -77.979166, -77.969554, 35.436844, 35.478155, 35.504069)
"37191000401","37191","NC","Wayne",6233,567,34437,20,NA,NA,NA,NA,NA,NA,0.3202,0.4,0.5336,9.08,0,0.16,0,7.1,18.2,9.6,38.4,7.2,14,c(-77.8861, -77.871225, -77.828889, -77.829167, 35.36118, 35.324377, 35.305747, 35.305833)
"37191000800","37191","NC","Wayne",2669,224,31258,16.9,NA,NA,NA,NA,NA,NA,0.5781,0.8,0.7548,9.21,0.33,0.18,0,14.1,21.9,10.5,37.8,7.3,16.1,c(-78.081667, -78.098, -78.096944, -78.08459, 35.201944, 35.18, 35.181111, 35.184704)
"37191000901","37191","NC","Wayne",5335,465,5758689.999,2052.7,NA,NA,NA,NA,NA,NA,0.3251,0.8,0.8004,9.38,0.33,0.19,0,16.8,14.1,10.5,37.8,6.6,16.5,c(-78.07948, -78.089444, 35.31556, 35.373611)
"37191000902","37191","NC","Wayne",5042,677,31969,17.1,NA,NA,NA,NA,NA,NA,0.7057,0.8,0.9397,9.28,0.33,0.19,0,17,21.6,10.9,40.2,6.9,17.4,c(-78.0703, -78.081389, -78.069722, -78.100833, 35.2889, 35.264418, 35.218056, 35.211944)
"37191001000","37191","NC","Wayne",4386,381,8986,5,NA,NA,NA,NA,NA,NA,0.174,0.2,0.629,9.31,0.33,0.16,0,17.9,15.4,9.5,36.9,7.4,14.8,c(-78.154167, 35.313889)
"37191001200","37191","NC","Wayne",3704,413,8752,5,NA,NA,NA,NA,NA,NA,0.4443,0.6,0.8816,9.38,0,0.28,0,10.3,24.1,10,46,9.2,13.5,c(-77.985556, 35.418889)
"37195000802","37195","NC","Wilson",3809,429,39910,26.2,NA,NA,NA,NA,NA,NA,0.8394,0.8,0.9909,9.24,0,0.25,0,24.4,14.5,13.1,46.4,6.2,20.1,c(-77.9, -77.87, -77.91919, 35.7, 35.68, 35.694344)
"37195001200","37195","NC","Wilson",3473,400,16014,10,NA,NA,NA,NA,NA,NA,0.3088,0.8,0.7847,9.1,0,0.19,0,8.9,17.2,10.9,40.4,6.8,16.3,c(-77.83, 35.75)
"37195001700","37195","NC","Wilson",3956,312,24562,15,NA,NA,NA,NA,NA,NA,0.277,0.8,0.8369,9.34,0,0.23,0,16,17.8,10.9,37.6,6.9,17.4,c(-78, -78.016, 35.7, 35.683)
"37197050101","37197","NC","Yadkin",6217,429,6612,4.9,NA,NA,NA,NA,NA,NA,0.2228,0.4,0.5799,8.89,0.33,0.16,0,7.3,14.9,10,36.1,7.3,15.8,c(-80.552473, 36.21669)
"37197050200","37197","NC","Yadkin",4320,263,5863,3,NA,NA,NA,NA,NA,NA,0.3879,0.8,0.7262,8.8,0,0.16,0,10.8,22.7,10.2,36.8,7.9,15.7,c(-80.697222, 36.199167)
"37197050300","37197","NC","Yadkin",6104,431,6018,3,NA,NA,NA,NA,NA,NA,0.2708,1,0.7227,8.8,0,0.29,0,11.6,20.4,10.6,40.2,8.1,16.8,c(-80.806725, 36.197067)
